frame_filename,timestamp_iso,unix_time,lat,lon,alt,water_depth,heading,pitch,roll,easting,northing,depth,utm_zone,video_filename,frame_index,CO2 Concentration
2026_01_18T13_53_58_20260118T135401_585.jpg,2026-01-18T13:54:01.585829,1768744441.5858293,9.787837040409027,-104.2844367313366,4.7,-2503.56785829258,110.22973044013978,-11.883585829257965,63.66193204975128,578474.7924359184,1082038.4644635692,2503.56785829258,13P,2026_01_18T13_53_58.MP4,107,1068.421
2026_01_18T13_53_58_20260118T135407_107.jpg,2026-01-18T13:54:07.107335,1768744447.1073358,9.787836071752913,-104.28443261413135,4.8,-2503.622073358059,109.63962240457535,-11.889107335805893,63.139695762634275,578475.2442135646,1082038.3583177133,2503.622073358059,13P,2026_01_18T13_53_58.MP4,273,1072.4735976109505
2026_01_18T13_53_58_20260118T135412_486.jpg,2026-01-18T13:54:12.486512,1768744452.486513,9.787835112427677,-104.28442851078968,4.7,-2503.675865128994,109.07191614556312,-11.8954865128994,62.61980824875832,578475.6944685464,1082038.2532003522,2503.675865128994,13P,2026_01_18T13_53_58.MP4,434,1066.434
2026_01_18T13_53_58_20260118T135417_790.jpg,2026-01-18T13:54:17.790784,1768744457.7907848,9.787834139750881,-104.28442436737214,4.8,-2503.7299078483584,108.5197583770752,-11.900790784835815,62.09792151641845,578476.1491219467,1082038.1466160426,2503.7299078483584,13P,2026_01_18T13_53_58.MP4,593,1073.5380679092407
2026_01_18T13_53_58_20260118T135423_459.jpg,2026-01-18T13:54:23.459483,1768744463.4594834,9.787833082698157,-104.28441993241329,4.8,-2503.789594833851,107.93813269472122,-11.907459483385086,61.529592178106306,578476.6357696529,1082038.0307701572,2503.789594833851,13P,2026_01_18T13_53_58.MP4,763,1075.518
2026_01_18T13_53_58_20260118T135429_074.jpg,2026-01-18T13:54:29.074894,1768744469.0748944,9.787832005770058,-104.28441554008445,4.775610566139221,-2503.8497489442825,107.36951055717468,-11.914074894428254,60.95528587388993,578477.1177466228,1082037.9127167242,2503.8497489442825,13P,2026_01_18T13_53_58.MP4,931,1077.380536222458
2026_01_18T13_53_58_20260118T135434_280.jpg,2026-01-18T13:54:34.280211,1768744474.280212,9.787830993957614,-104.28441137583046,4.7,-2503.9060823311806,106.85025901937485,-11.920560423851013,60.41257774782181,578477.5746944394,1082037.8018100432,2503.9060823311806,13P,2026_01_18T13_53_58.MP4,1087,1078.3917180199624
2026_01_18T13_53_58_20260118T135439_495.jpg,2026-01-18T13:54:39.495955,1768744479.4959557,9.78782995080886,-104.28440710323544,4.766395568847656,-2503.9634555127623,106.33739634084701,-11.927495955705643,59.85993273949623,578478.0435318056,1082037.6874637322,2503.9634555127623,13P,2026_01_18T13_53_58.MP4,1244,1067.9560422706604
2026_01_18T13_53_58_20260118T135444_722.jpg,2026-01-18T13:54:44.722810,1768744484.7228107,9.787828895437851,-104.28440282175141,4.8,-2504.0226737289427,105.83061016845703,-11.934722810745239,59.29593643951416,578478.5133469354,1082037.571768078,2504.0226737289427,13P,2026_01_18T13_53_58.MP4,1400,1070.337
2026_01_18T13_53_58_20260118T135450_003.jpg,2026-01-18T13:54:50.003966,1768744490.0039668,9.78782779916697,-104.28439839682656,4.8,-2504.0830476017,105.32562315320968,-11.943003966808318,58.71655968427658,578478.998903399,1082037.4515835221,2504.0830476017,13P,2026_01_18T13_53_58.MP4,1559,1069.401239830017
2026_01_18T13_53_58_20260118T135454_675.jpg,2026-01-18T13:54:54.675898,1768744494.675898,9.787826818061404,-104.28439445928154,4.8,-2504.1374348788263,104.88546558094025,-11.949351796150207,58.19529941558838,578479.4309799433,1082037.3440193373,2504.1374348788263,13P,2026_01_18T13_53_58.MP4,1699,1078.1963763742447
2026_01_18T13_53_58_20260118T135459_523.jpg,2026-01-18T13:54:59.523058,1768744499.5230582,9.787825780157783,-104.28439032924764,4.7,-2504.1952766981126,104.43587864780426,-11.957046116352082,57.646371367931366,578479.8841808449,1082037.2302198051,2504.1952766981126,13P,2026_01_18T13_53_58.MP4,1844,1077.1236612813473
2026_01_18T13_53_58_20260118T135504_653.jpg,2026-01-18T13:55:04.653764,1768744504.653765,9.787824656171708,-104.28438591161152,4.7,-2504.256845179558,103.96650738835335,-11.9653075299263,57.0551632642746,578480.368944441,1082037.1069690918,2504.256845179558,13P,2026_01_18T13_53_58.MP4,1998,1072.9094609093665
2026_01_18T13_53_58_20260118T135509_443.jpg,2026-01-18T13:55:09.443787,1768744509.443787,9.787823597928968,-104.28438180059162,4.6,-2504.3153254451754,103.53505916118623,-11.972887574195862,56.495633122444154,578480.8200647845,1082036.99091624,2504.3153254451754,13P,2026_01_18T13_53_58.MP4,2141,1068.978
2026_01_18T13_53_58_20260118T135514_160.jpg,2026-01-18T13:55:14.160045,1768744514.160046,9.787822533189397,-104.28437765595851,4.7,-2504.3739205532074,103.11691594314576,-11.981160046100616,55.93595451402664,578481.2748731523,1082036.874152865,2504.3739205532074,13P,2026_01_18T13_53_58.MP4,2283,1066.411837264538
2026_01_18T13_53_58_20260118T135519_078.jpg,2026-01-18T13:55:19.078285,1768744519.078286,9.787821411211375,-104.28437323737126,4.7,-2504.4359394311905,102.68718912386895,-11.989156571865083,55.34444911623001,578481.7597405969,1082036.7511244216,2504.4359394311905,13P,2026_01_18T13_53_58.MP4,2430,1073.0041236379147
2026_01_18T13_53_58_20260118T135524_075.jpg,2026-01-18T13:55:24.075883,1768744524.0758832,9.787820242546875,-104.28436883170517,4.7,-2504.499986480951,102.25754993224143,-11.9981517663002,54.73359048938752,578482.2432018964,1082036.6229308369,2504.499986480951,13P,2026_01_18T13_53_58.MP4,2580,1078.6003892788885
2026_01_18T13_53_58_20260118T135528_462.jpg,2026-01-18T13:55:28.462113,1768744528.4621136,9.787819203713868,-104.28436478409773,4.662611365318298,-2504.557007477045,101.88718245601655,-12.0069242272377,54.18923579764366,578482.6873630008,1082036.5090093797,2504.557007477045,13P,2026_01_18T13_53_58.MP4,2711,1073.2017704353334
2026_01_18T13_53_58_20260118T135532_789.jpg,2026-01-18T13:55:32.789191,1768744532.7891915,9.787818162702129,-104.28436088972767,4.6953191518783575,-2504.613259489298,101.52649710679054,-12.014578382968903,53.64656187295913,578483.1147184656,1082036.3948113373,2504.613259489298,13P,2026_01_18T13_53_58.MP4,2841,1069.334349099636
2026_01_18T13_53_58_20260118T135536_863.jpg,2026-01-18T13:55:36.863980,1768744536.86398,9.787817172644786,-104.28435712241794,4.6027952139074495,-2504.668095720768,101.19215363550185,-12.02272796010971,53.12827453303337,578483.5281267575,1082036.2862177524,2504.668095720768,13P,2026_01_18T13_53_58.MP4,2963,1078.237429558754
2026_01_18T13_53_58_20260118T135541_079.jpg,2026-01-18T13:55:41.079127,1768744541.0791278,9.787816130218053,-104.28435322087222,4.775787210464477,-2504.725028661251,100.85166977691651,-12.031158255577088,52.585713387489314,578483.9562695465,1082036.1718649343,2504.725028661251,13P,2026_01_18T13_53_58.MP4,3089,1071.916
2026_01_18T13_53_58_20260118T135544_928.jpg,2026-01-18T13:55:44.928647,1768744544.9286475,9.78781516783812,-104.2843495713525,4.690835237503052,-2504.777072417736,100.54563684606553,-12.038857295036316,52.08434717512131,578484.3567528466,1082036.0663042257,2504.777072417736,13P,2026_01_18T13_53_58.MP4,3205,1071.0509381566046
2026_01_18T13_53_58_20260118T135548_740.jpg,2026-01-18T13:55:48.740081,1768744548.7400815,9.787814207578798,-104.28434595991845,4.590308165550232,-2504.830361141682,100.24627363920212,-12.047480163097381,51.582309235572815,578484.753058645,1082035.960969128,2504.830361141682,13P,2026_01_18T13_53_58.MP4,3319,1068.223
2026_01_18T13_53_58_20260118T135553_249.jpg,2026-01-18T13:55:53.249042,1768744553.2490425,9.787813055248947,-104.28434167586174,4.558795738220215,-2504.892735637665,99.89807276916504,-12.056498085021971,50.981628303527835,578485.2231787461,1082035.8345533863,2504.892735637665,13P,2026_01_18T13_53_58.MP4,3454,1077.4053908462524
2026_01_18T13_53_58_20260118T135557_284.jpg,2026-01-18T13:55:57.284128,1768744557.2841282,9.787812006126671,-104.28433781587181,4.5,-2504.949977794647,99.59169038581848,-12.065568256378173,50.43735856628418,578485.6467655315,1082035.7194505804,2504.949977794647,13P,2026_01_18T13_53_58.MP4,3575,1074.6711702957152
2026_01_18T13_53_58_20260118T135600_493.jpg,2026-01-18T13:56:00.493774,1768744560.4937742,9.787811161618714,-104.28433470622582,4.503267765045166,-2504.995912838459,99.35146071100235,-12.072987548351287,50.00035293793678,578485.9880110655,1082035.6267972963,2504.995912838459,13P,2026_01_18T13_53_58.MP4,3671,1074.3865217533112
2026_01_18T13_53_58_20260118T135603_099.jpg,2026-01-18T13:56:03.099421,1768744563.099422,9.787810473156068,-104.28433211052021,4.526142191886902,-2505.03349132967,99.15874219560622,-12.07829826593399,49.642279767036435,578486.272854078,1082035.5512782983,2505.03349132967,13P,2026_01_18T13_53_58.MP4,3749,1067.593
2026_01_18T13_53_58_20260118T135606_745.jpg,2026-01-18T13:56:06.745939,1768744566.7459395,9.787809488596338,-104.28432855406051,4.690693950653077,-2505.086443152905,98.89329235649109,-12.087237818479538,49.13731441044807,578486.6631363402,1082035.4432435133,2505.086443152905,13P,2026_01_18T13_53_58.MP4,3859,1065.129
2026_01_18T13_53_58_20260118T135610_544.jpg,2026-01-18T13:56:10.544750,1768744570.5447507,9.787808462917313,-104.28432480972438,4.9,-2505.1426265096666,98.62032270097733,-12.09608950138092,48.60519015264511,578487.0740334134,1082035.3307059156,2505.1426265096666,13P,2026_01_18T13_53_58.MP4,3972,1074.197
2026_01_18T13_53_58_20260118T135614_296.jpg,2026-01-18T13:56:14.296353,1768744574.296353,9.787807437021131,-104.28432110364689,4.654364681243896,-2505.1984452965257,98.35525528287887,-12.10459270620346,48.07491785955429,578487.4807345661,1082035.2181354002,2505.1984452965257,13P,2026_01_18T13_53_58.MP4,4085,1062.4992077376842
2026_01_18T13_53_58_20260118T135617_968.jpg,2026-01-18T13:56:17.968052,1768744577.9680524,9.787806418945332,-104.28431743194761,4.4,-2505.2535207858086,98.1002043852806,-12.113904157161713,47.55056850862503,578487.8836634875,1082035.106421585,2505.2535207858086,13P,2026_01_18T13_53_58.MP4,4195,1070.283
2026_01_18T13_53_58_20260118T135621_994.jpg,2026-01-18T13:56:21.994902,1768744581.9949024,9.787805291427336,-104.28431330509763,4.284509754180908,-2505.3149184379577,97.8253466386795,-12.123984707117081,46.96873915600777,578488.3365363022,1082034.982712722,2505.3149184379577,13P,2026_01_18T13_53_58.MP4,4316,1071.1318863413333
2026_01_18T13_53_58_20260118T135626_046.jpg,2026-01-18T13:56:26.046323,1768744586.046323,9.787804147029544,-104.28430915367693,4.2,-2505.376741168976,97.5539426779747,-12.13409264612198,46.37719051003456,578488.7921078475,1082034.8571431825,2505.376741168976,13P,2026_01_18T13_53_58.MP4,4437,1073.4586748805045
2026_01_18T13_53_58_20260118T135630_059.jpg,2026-01-18T13:56:30.059414,1768744590.0594144,9.787802993363972,-104.28430504058561,4.321841430664063,-2505.438950630188,97.2911380648613,-12.144178243160248,45.785206670761106,578489.2434778404,1082034.7305399806,2505.438950630188,13P,2026_01_18T13_53_58.MP4,4557,1069.3684517292977
2026_01_18T13_53_58_20260118T135633_644.jpg,2026-01-18T13:56:33.644559,1768744593.64456,9.78780195663197,-104.2843013554399,4.580356001853943,-2505.4953129615787,97.05974815368653,-12.153933680295944,45.25131598520279,578489.6478858795,1082034.6167664928,2505.4953129615787,13P,2026_01_18T13_53_58.MP4,4665,1070.3869933624267
2026_01_18T13_53_58_20260118T135637_769.jpg,2026-01-18T13:56:37.769782,1768744597.769782,9.787800749065381,-104.28429705323973,4.6,-2505.5603165130615,96.79850372982025,-12.16453956413269,44.629993125915526,578490.1200088547,1082034.4842474933,2505.5603165130615,13P,2026_01_18T13_53_58.MP4,4788,1075.4290702047347
2026_01_18T13_53_58_20260118T135641_709.jpg,2026-01-18T13:56:41.709756,1768744601.7097564,9.787799577073088,-104.284292919268,4.5,-2505.62335610199,96.55499510478974,-12.175129269123078,44.03040727472305,578490.5736731968,1082034.3556227786,2505.62335610199,13P,2026_01_18T13_53_58.MP4,4906,1076.482
2026_01_18T13_53_58_20260118T135645_473.jpg,2026-01-18T13:56:45.473841,1768744605.4738417,9.787798453109083,-104.28428892615834,4.5,-2505.684581466675,96.32656949996948,-12.185947683334351,43.45255454158783,578491.0118773616,1082034.2322757635,2505.684581466675,13P,2026_01_18T13_53_58.MP4,5019,1074.305
2026_01_18T13_53_58_20260118T135649_010.jpg,2026-01-18T13:56:49.010978,1768744609.0109782,9.78779738659675,-104.28428518792396,4.583202171325683,-2505.7421866297723,96.1163522849083,-12.196032934665679,42.90428739738464,578491.4221148521,1082034.1152218392,2505.7421866297723,13P,2026_01_18T13_53_58.MP4,5125,1072.539638520241
2026_01_18T13_53_58_20260118T135652_140.jpg,2026-01-18T13:56:52.140593,1768744612.1405933,9.78779642641608,-104.28428184534738,4.7,-2505.794249492645,95.93384558916091,-12.204421779870987,42.41392685341835,578491.7889340101,1082034.0098328907,2505.794249492645,13P,2026_01_18T13_53_58.MP4,5219,1082.019
2026_01_18T13_53_58_20260118T135655_694.jpg,2026-01-18T13:56:55.694664,1768744615.6946645,9.787795334654012,-104.28427800533552,4.885066437721253,-2505.852809296131,95.73040412473678,-12.215083993434906,41.85354834794998,578492.210339776,1082033.8900108095,2505.852809296131,13P,2026_01_18T13_53_58.MP4,5326,1071.9499351558686
2026_01_18T13_53_58_20260118T135659_409.jpg,2026-01-18T13:56:59.409402,1768744619.4094026,9.787794173085192,-104.28427394965713,5.0,-2505.915550441742,95.5220734539032,-12.226228207826614,41.26249558258057,578492.655414946,1082033.7625204101,2505.915550441742,13P,2026_01_18T13_53_58.MP4,5437,1069.691
2026_01_18T13_53_58_20260118T135703_178.jpg,2026-01-18T13:57:03.178558,1768744623.1785588,9.787792984646764,-104.2842698035853,4.9,-2505.9790355000496,95.31535782337188,-12.23753567647934,40.65625202894211,578493.1104102336,1082033.6320800893,2505.9790355000496,13P,2026_01_18T13_53_58.MP4,5550,1076.398
2026_01_18T13_53_58_20260118T135706_115.jpg,2026-01-18T13:57:06.115400,1768744626.1154003,9.7877920530719,-104.28426657305965,4.6,-2506.029077205658,95.15788378334045,-12.246346200942993,40.180189748764036,578493.4649336145,1082033.5298280108,2506.029077205658,13P,2026_01_18T13_53_58.MP4,5638,1073.331
2026_01_18T13_53_58_20260118T135709_336.jpg,2026-01-18T13:57:09.336591,1768744629.3365915,9.787791022290726,-104.28426302974937,4.350840854644775,-2506.084722055197,94.98849724292755,-12.256009774446488,39.65379899692536,578493.8537846276,1082033.4166795167,2506.084722055197,13P,2026_01_18T13_53_58.MP4,5734,1066.675
2026_01_18T13_53_58_20260118T135712_828.jpg,2026-01-18T13:57:12.828405,1768744632.8284056,9.787789894910203,-104.28425910591325,4.301659440994262,-2506.145911301136,94.80875131344796,-12.26731362247467,39.079313072919845,578494.2843921131,1082033.2929386385,2506.145911301136,13P,2026_01_18T13_53_58.MP4,5839,1071.6599508914946
2026_01_18T13_53_58_20260118T135716_004.jpg,2026-01-18T13:57:16.004982,1768744636.0049825,9.787788858355784,-104.28425559451928,4.6,-2506.2010896844863,94.6487508764267,-12.277014947414397,38.55216792726517,578494.6697440989,1082033.179144369,2506.2010896844863,13P,2026_01_18T13_53_58.MP4,5934,1074.6773624234202
2026_01_18T13_53_58_20260118T135719_473.jpg,2026-01-18T13:57:19.473585,1768744639.4735858,9.787787713716671,-104.28425167905557,4.574482822418213,-2506.2625245451927,94.47779429364205,-12.28842075753212,37.9714375782013,578495.099437407,1082033.053493262,2506.2625245451927,13P,2026_01_18T13_53_58.MP4,6038,1074.825764903307
2026_01_18T13_53_58_20260118T135721_945.jpg,2026-01-18T13:57:21.945455,1768744641.9454558,9.78778689799959,-104.28424885999863,4.8,-2506.3060727484226,94.35861812210082,-12.295836367368697,37.55421797156334,578495.4088061785,1082032.9639557926,2506.3060727484226,13P,2026_01_18T13_53_58.MP4,6112,1073.8049854907988
2026_01_18T13_53_58_20260118T135725_567.jpg,2026-01-18T13:57:25.567797,1768744645.5677972,9.787785686948958,-104.28424471864338,4.7,-2506.371220349312,94.18788132953644,-12.307703391551971,36.93890668153763,578495.8632895169,1082032.8310141673,2506.371220349312,13P,2026_01_18T13_53_58.MP4,6221,1065.6367954592706
2026_01_18T13_53_58_20260118T135728_826.jpg,2026-01-18T13:57:28.826946,1768744648.826947,9.78778458883803,-104.28424099035833,4.504006575684923,-2506.4298850455284,94.03796043920516,-12.318480840921403,36.38076512050629,578496.2724432762,1082032.7104641106,2506.4298850455284,13P,2026_01_18T13_53_58.MP4,6318,1079.191141049862
2026_01_18T13_53_58_20260118T135732_262.jpg,2026-01-18T13:57:32.262109,1768744652.2621095,9.787783420882764,-104.28423701167954,4.641510963439941,-2506.492717971325,93.88446718120575,-12.330786328554154,35.78765505337715,578496.7090751242,1082032.5822496717,2506.492717971325,13P,2026_01_18T13_53_58.MP4,6421,1072.7292794582843
2026_01_18T13_53_58_20260118T135735_160.jpg,2026-01-18T13:57:35.160592,1768744655.1605928,9.78778242539845,-104.28423362334793,4.4745628356933596,-2506.546051263094,93.75709450984,-12.340481778383255,35.28389626097679,578497.0809207428,1082032.4729678961,2506.546051263094,13P,2026_01_18T13_53_58.MP4,6508,1067.4616291794778
2026_01_18T13_53_58_20260118T135737_017.jpg,2026-01-18T13:57:37.017588,1768744657.017588,9.787781783844235,-104.28423147889453,4.4,-2506.580334170103,93.67824372029305,-12.347052763700484,34.958904529571534,578497.3162621616,1082032.4025305505,2506.580334170103,13P,2026_01_18T13_53_58.MP4,6564,1074.6597663052082
2026_01_18T13_53_58_20260118T135740_656.jpg,2026-01-18T13:57:40.656689,1768744660.6566896,9.787780520158625,-104.28422721197242,4.48086895942688,-2506.6478204135897,93.52541903495788,-12.35962675857544,34.3177659330368,578497.7845292931,1082032.26379833,2506.6478204135897,13P,2026_01_18T13_53_58.MP4,6673,1069.9047202215195
2026_01_18T13_53_58_20260118T135743_665.jpg,2026-01-18T13:57:43.665184,1768744663.6651845,9.787779467185425,-104.2842237017786,4.6,-2506.7046385054587,93.40272743558883,-12.3699955534935,33.78359715938568,578498.1697535347,1082032.148188386,2506.7046385054587,13P,2026_01_18T13_53_58.MP4,6763,1071.7271562337876
2026_01_18T13_53_58_20260118T135747_102.jpg,2026-01-18T13:57:47.102821,1768744667.1028216,9.787778252984229,-104.28421957661409,4.725382161140442,-2506.7689536101816,93.26698995804787,-12.382411286354065,33.16949211406708,578498.6224619278,1082032.0148946631,2506.7689536101816,13P,2026_01_18T13_53_58.MP4,6866,1066.368614035368
2026_01_18T13_53_58_20260118T135750_657.jpg,2026-01-18T13:57:50.657689,1768744670.6576896,9.787776983231755,-104.28421541077252,4.8,-2506.8374961018562,93.13066548585891,-12.395630758285522,32.52895818758011,578499.0796445906,1082031.8754680986,2506.8374961018562,13P,2026_01_18T13_53_58.MP4,6973,1071.1271048350334
2026_01_18T13_53_58_20260118T135753_807.jpg,2026-01-18T13:57:53.807887,1768744673.8078878,9.787775849160395,-104.28421163053466,4.604211211204529,-2506.897349868059,93.01310815167427,-12.407231551170348,31.955964421749115,578499.4945046903,1082031.7509540215,2506.897349868059,13P,2026_01_18T13_53_58.MP4,7067,1070.1605575146675
2026_01_18T13_53_58_20260118T135755_994.jpg,2026-01-18T13:57:55.994260,1768744675.9942608,9.787775062066116,-104.28420900688705,4.2,-2506.9398909549714,92.9342066116333,-12.414977043151854,31.557050275802613,578499.782435442,1082031.6645359013,2506.9398909549714,13P,2026_01_18T13_53_58.MP4,7133,1070.747
2026_01_18T13_53_58_20260118T135759_547.jpg,2026-01-18T13:57:59.547485,1768744679.5474856,9.787773767430332,-104.28420464301729,4.2,-2507.0089497117997,92.80938548994064,-12.428189942359925,30.9027151658535,578500.2613424966,1082031.522404123,2507.0089497117997,13P,2026_01_18T13_53_58.MP4,7239,1067.541
2026_01_18T13_53_58_20260118T135802_812.jpg,2026-01-18T13:58:02.812832,1768744682.8128324,9.787772569252029,-104.28420064331794,4.2,-2507.07325664711,92.69836369991302,-12.440251329421997,30.29781318187714,578500.7002868827,1082031.3908528553,2507.07325664711,13P,2026_01_18T13_53_58.MP4,7337,1070.572
2026_01_18T13_53_58_20260118T135805_811.jpg,2026-01-18T13:58:05.811595,1768744685.811596,9.787771451593553,-104.2841970260849,4.496159601211548,-2507.132231918335,92.60021733474731,-12.452246383666992,29.737231563568116,578501.0972657524,1082031.2681156031,2507.132231918335,13P,2026_01_18T13_53_58.MP4,7427,1068.4030645217895
2026_01_18T13_53_58_20260118T135809_138.jpg,2026-01-18T13:58:09.138296,1768744689.1382964,9.787770217447381,-104.28419292021472,4.6,-2507.1987659273145,92.49485110902786,-12.464553185462952,29.111861986875535,578501.5478627715,1082031.1326120975,2507.1987659273145,13P,2026_01_18T13_53_58.MP4,7527,1067.093
2026_01_18T13_53_58_20260118T135812_411.jpg,2026-01-18T13:58:12.411812,1768744692.4118123,9.787768983511324,-104.28418886464401,4.6439187765121455,-2507.264236246109,92.39564563083648,-12.477647249221802,28.491343849658968,578501.9929431973,1082030.9971201129,2507.264236246109,13P,2026_01_18T13_53_58.MP4,7625,1070.7089554657937
2026_01_18T13_53_58_20260118T135815_656.jpg,2026-01-18T13:58:15.656104,1768744695.6561046,9.787767750680265,-104.28418481267452,4.519569974786221,-2507.329122091293,92.30097296762466,-12.490624418258667,27.872027923583985,578502.4376284089,1082030.8617494751,2507.329122091293,13P,2026_01_18T13_53_58.MP4,7722,1071.1185397548675
2026_01_18T13_53_58_20260118T135818_764.jpg,2026-01-18T13:58:18.764731,1768744698.7647312,9.787766561754843,-104.28418090584948,4.30872688293457,-2507.3922946233747,92.21358752727508,-12.503058924674987,27.274406884431837,578502.8663847399,1082030.731199691,2507.3922946233747,13P,2026_01_18T13_53_58.MP4,7815,1066.2358391637802
2026_01_18T13_53_58_20260118T135822_136.jpg,2026-01-18T13:58:22.136429,1768744702.1364298,9.787765266792384,-104.28417663628426,4.271557021141052,-2507.46186502552,92.12331639575957,-12.516545719146729,26.621396191596986,578503.3349491447,1082030.5890098622,2507.46186502552,13P,2026_01_18T13_53_58.MP4,7916,1061.8458661327363
2026_01_18T13_53_58_20260118T135825_183.jpg,2026-01-18T13:58:25.183395,1768744705.1833954,9.7877640784758,-104.28417277992553,4.133039546012879,-2507.5248513031006,92.04441511535646,-12.529733581542969,26.02705450439453,578503.7581704997,1082030.4585156518,2507.5248513031006,13P,2026_01_18T13_53_58.MP4,8007,1075.062230606079
2026_01_18T13_53_58_20260118T135828_067.jpg,2026-01-18T13:58:28.067510,1768744708.06751,9.787762953671143,-104.28416911898813,4.4,-2507.5844177076815,91.97437976264953,-12.54127003955841,25.460700551748275,578504.1599443016,1082030.3349984568,2507.5844177076815,13P,2026_01_18T13_53_58.MP4,8094,1064.0394008946419
2026_01_18T13_53_58_20260118T135830_944.jpg,2026-01-18T13:58:30.944065,1768744710.944065,9.787761822373962,-104.28416547271539,4.609106516838073,-2507.644825366974,91.90628650283814,-12.553720325469971,24.893075111389162,578504.5601113009,1082030.210759969,2507.644825366974,13P,2026_01_18T13_53_58.MP4,8180,1077.864
2026_01_18T13_53_58_20260118T135834_144.jpg,2026-01-18T13:58:34.144356,1768744714.144357,9.787760552257213,-104.28416131233594,4.7,-2507.7120314962863,91.8349685037136,-12.566577427864075,24.25627296376228,578505.0166950424,1082030.0712919242,2507.7120314962863,13P,2026_01_18T13_53_58.MP4,8276,1071.349
2026_01_18T13_53_58_20260118T135837_565.jpg,2026-01-18T13:58:37.565769,1768744717.5657694,9.787759188034533,-104.28415696449973,4.7,-2507.7848811581134,91.76311884188652,-12.581263077735901,23.571280343770983,578505.4938600236,1082029.9214622306,2507.7848811581134,13P,2026_01_18T13_53_58.MP4,8379,1056.558
2026_01_18T13_53_58_20260118T135840_898.jpg,2026-01-18T13:58:40.898250,1768744720.8982503,9.787757850699863,-104.28415263227456,4.691149950027466,-2507.85586325717,91.6969332435131,-12.595593001365662,22.89865518069267,578505.9693065704,1082029.774601922,2507.85586325717,13P,2026_01_18T13_53_58.MP4,8478,1070.5126597578526
2026_01_18T13_53_58_20260118T135843_464.jpg,2026-01-18T13:58:43.464757,1768744723.464758,9.787756809449252,-104.28414924933891,4.4,-2507.9112246742247,91.6486343574524,-12.606859031677246,22.37765414237976,578506.3405712041,1082029.6602585851,2507.9112246742247,13P,2026_01_18T13_53_58.MP4,8555,1074.4103549900055
2026_01_18T13_53_58_20260118T135846_766.jpg,2026-01-18T13:58:46.766673,1768744726.766673,9.787755455664033,-104.28414490332499,4.4,-2507.9828668079376,91.59096655750275,-12.621833365440368,21.702832016944885,578506.8175338863,1082029.5115825569,2507.9828668079376,13P,2026_01_18T13_53_58.MP4,8654,1075.2618435373306
2026_01_18T13_53_58_20260118T135849_784.jpg,2026-01-18T13:58:49.784751,1768744729.7847517,9.787754218251822,-104.28414090134768,4.392975163459778,-2508.048264536381,91.54144397354126,-12.635139006614684,21.08234115934372,578507.25673737,1082029.3756937885,2508.048264536381,13P,2026_01_18T13_53_58.MP4,8745,1070.9629856715203
2026_01_18T13_53_58_20260118T135852_725.jpg,2026-01-18T13:58:52.725455,1768744732.7254558,9.787753002563138,-104.28413705690751,4.586945581436157,-2508.1129600267413,91.49711816358565,-12.64862727880478,20.473830657482146,578507.6786580286,1082029.242170303,2508.1129600267413,13P,2026_01_18T13_53_58.MP4,8833,1072.3563856830597
2026_01_18T13_53_58_20260118T135855_657.jpg,2026-01-18T13:58:55.657133,1768744735.657133,9.787751780575428,-104.28413314572697,4.780113315582275,-2508.177456928253,91.45580013656615,-12.661628532409669,19.86265918159485,578508.1078998514,1082029.1079658847,2508.177456928253,13P,2026_01_18T13_53_58.MP4,8921,1075.594
2026_01_18T13_53_58_20260118T135858_664.jpg,2026-01-18T13:58:58.664931,1768744738.6649318,9.787750520728656,-104.28412906909551,4.9,-2508.244293430805,91.41702081871033,-12.675324658870696,19.232364327430723,578508.5552962351,1082028.969613926,2508.244293430805,13P,2026_01_18T13_53_58.MP4,9011,1068.02
2026_01_18T13_53_58_20260118T135901_584.jpg,2026-01-18T13:59:01.584492,1768744741.5844924,9.787749284513172,-104.28412518171058,4.754301500320435,-2508.309443326235,91.38257058310509,-12.68892246222496,18.616672094106672,578508.9819316467,1082028.833830804,2508.309443326235,13P,2026_01_18T13_53_58.MP4,9098,1063.7438627076149
2026_01_18T13_53_58_20260118T135904_429.jpg,2026-01-18T13:59:04.429093,1768744744.4290936,9.787748075489754,-104.28412134217832,4.6,-2508.373440059185,91.3527090640068,-12.702145467996598,18.013032156944274,578509.4033124843,1082028.7010431741,2508.373440059185,13P,2026_01_18T13_53_58.MP4,9184,1072.5476663742065
2026_01_18T13_53_58_20260118T135907_332.jpg,2026-01-18T13:59:07.332118,1768744747.3321185,9.78774683718904,-104.28411736824593,4.795128568567005,-2508.439306607246,91.3250109333992,-12.715660592556,17.39359452009201,578509.8394404004,1082028.56504966,2508.439306607246,13P,2026_01_18T13_53_58.MP4,9271,1072.2911216835976
2026_01_18T13_53_58_20260118T135909_723.jpg,2026-01-18T13:59:09.723388,1768744749.7233884,9.787745808942972,-104.2841140872562,4.786638832092285,-2508.4936379339692,91.30421289253235,-12.727616942167282,16.880471486806872,578510.1995211871,1082028.4521205265,2508.4936379339692,13P,2026_01_18T13_53_58.MP4,9342,1066.429
2026_01_18T13_53_58_20260118T135912_615.jpg,2026-01-18T13:59:12.615194,1768744752.6151946,9.78774455546634,-104.28411013872761,4.8,-2508.560149474859,91.28269363808633,-12.741075972795487,16.256117975234986,578510.6328665344,1082028.3144430968,2508.560149474859,13P,2026_01_18T13_53_58.MP4,9429,1074.213
2026_01_18T13_53_58_20260118T135915_308.jpg,2026-01-18T13:59:15.308784,1768744755.3087842,9.78774338413493,-104.28410646770205,5.0,-2508.622102037668,91.26614729452133,-12.754543921232223,15.671685034275056,578511.0357577272,1082028.1857838456,2508.622102037668,13P,2026_01_18T13_53_58.MP4,9510,1071.3914771401883
2026_01_18T13_53_58_20260118T135918_197.jpg,2026-01-18T13:59:18.197292,1768744758.1972926,9.787742113191271,-104.28410244351967,5.0,-2508.688537729025,91.2510135371685,-12.767986462831496,15.040792927980423,578511.4774044387,1082028.0461927154,2508.688537729025,13P,2026_01_18T13_53_58.MP4,9596,1068.5267571482657
2026_01_18T13_53_58_20260118T135921_320.jpg,2026-01-18T13:59:21.320259,1768744761.320259,9.787740739085999,-104.28409815163727,4.9537203780971195,-2508.7613659591675,91.23803922271729,-12.783601295471192,14.35454299926758,578511.9484351221,1082027.895257345,2508.7613659591675,13P,2026_01_18T13_53_58.MP4,9690,1076.1819646530153
2026_01_18T13_53_58_20260118T135923_928.jpg,2026-01-18T13:59:23.928055,1768744763.9280558,9.787739581655464,-104.28409450072193,4.807005572319031,-2508.8223452825546,91.23021583271027,-12.796640278816223,13.778899676322936,578512.3491174894,1082027.7681304463,2508.8223452825546,13P,2026_01_18T13_53_58.MP4,9768,1074.199
2026_01_18T13_53_58_20260118T135926_558.jpg,2026-01-18T13:59:26.558907,1768744766.5589073,9.787738408491728,-104.28409081752982,4.7598185539245605,-2508.8844137744904,91.22588218545914,-12.809794536352157,13.194363678693772,578512.7533434788,1082027.6392714465,2508.8844137744904,13P,2026_01_18T13_53_58.MP4,9847,1071.7063419065476
2026_01_18T13_53_58_20260118T135929_146.jpg,2026-01-18T13:59:29.146457,1768744769.1464577,9.787737244094048,-104.28408719495927,4.528845763206482,-2508.945514984131,91.224,-12.822732288360594,12.616193481445311,578513.1509188038,1082027.5113675932,2508.945514984131,13P,2026_01_18T13_53_58.MP4,9924,1074.4639418563843
2026_01_18T13_53_58_20260118T135931_645.jpg,2026-01-18T13:59:31.645894,1768744771.645894,9.787736119347677,-104.28408363115892,4.4787894010543825,-2509.0055014572145,91.2246458940506,-12.83522947025299,12.055673838615418,578513.5420392508,1082027.3878343098,2509.0055014572145,13P,2026_01_18T13_53_58.MP4,9999,1066.6936048374175
2026_01_18T13_53_58_20260118T135934_444.jpg,2026-01-18T13:59:34.444184,1768744774.4441848,9.787734845675,-104.28407967814131,4.558618474006653,-2509.072660434723,91.22788836956025,-12.850220923900604,11.424170054912567,578513.9758817026,1082027.2479248804,2509.072660434723,13P,2026_01_18T13_53_58.MP4,10083,1073.296
2026_01_18T13_53_58_20260118T135936_969.jpg,2026-01-18T13:59:36.969117,1768744776.9691172,9.787733694206105,-104.28407604632426,4.422201225295332,-2509.133258811951,91.23390735149383,-12.86284558582306,10.851041286468504,578514.3744680991,1082027.1214527339,2509.133258811951,13P,2026_01_18T13_53_58.MP4,10159,1062.5193574323655
2026_01_18T13_53_58_20260118T135939_598.jpg,2026-01-18T13:59:39.598141,1768744779.5981414,9.787732484854942,-104.284072362602,4.6,-2509.1969535357953,91.24339256572723,-12.876990707159042,10.25202561211586,578514.7787607458,1082026.9885926233,2509.1969535357953,13P,2026_01_18T13_53_58.MP4,10238,1072.4367110130788
2026_01_18T13_53_58_20260118T135942_466.jpg,2026-01-18T13:59:42.466209,1768744782.4662094,9.787731160881577,-104.28406820068588,4.7,-2509.2666552352907,91.25633104705811,-12.891797256469726,9.59423804473877,578515.2355257592,1082026.843170114,2509.2666552352907,13P,2026_01_18T13_53_58.MP4,10324,1073.2687324523927
2026_01_18T13_53_58_20260118T135944_968.jpg,2026-01-18T13:59:44.968443,1768744784.9684436,9.787729994831492,-104.28406464417891,4.978133132372577,-2509.3282110908035,91.26981066179275,-12.90484221816063,9.017289520978927,578515.6258560333,1082026.7150681876,2509.3282110908035,13P,2026_01_18T13_53_58.MP4,10399,1067.9608480491638
2026_01_18T13_53_58_20260118T135947_187.jpg,2026-01-18T13:59:47.187957,1768744787.1879575,9.787728961659962,-104.28406141806371,5.0,-2509.3826989381314,91.28450366020202,-12.916939787626267,8.503393854141235,578515.9799197052,1082026.6015817132,2509.3826989381314,13P,2026_01_18T13_53_58.MP4,10465,1070.4656466505528
2026_01_18T13_53_58_20260118T135950_015.jpg,2026-01-18T13:59:50.015428,1768744790.0154283,9.787727632748696,-104.28405727685754,4.915542840957642,-2509.452385707617,91.30613885474204,-12.932077141523362,7.845405205011368,578516.4344145439,1082026.455608408,2509.452385707617,13P,2026_01_18T13_53_58.MP4,10550,1074.4479175212384
2026_01_18T13_53_58_20260118T135952_859.jpg,2026-01-18T13:59:52.859164,1768744792.8591645,9.787726296192696,-104.28405311125329,5.0,-2509.52347911191,91.33173248028756,-12.947295822381973,7.179955512523652,578516.8915870211,1082026.3087955115,2509.52347911191,13P,2026_01_18T13_53_58.MP4,10635,1065.39
2026_01_18T13_53_58_20260118T135955_587.jpg,2026-01-18T13:59:55.587026,1768744795.5870268,9.78772499822712,-104.28404911945974,4.827297306060791,-2509.591675670862,91.35887026834487,-12.962522161006927,6.538461667060852,578517.3296879153,1082026.1662090805,2509.591675670862,13P,2026_01_18T13_53_58.MP4,10717,1067.998
2026_01_18T13_53_58_20260118T135958_439.jpg,2026-01-18T13:59:58.439385,1768744798.4393857,9.787723639094887,-104.28404494092152,4.742119314545508,-2509.6629846413134,91.39027262783051,-12.978196928262712,5.862865600347519,578517.7882842234,1082026.016902947,2509.6629846413134,13P,2026_01_18T13_53_58.MP4,10802,1074.0445197401048
2026_01_18T13_53_58_20260118T140001_278.jpg,2026-01-18T14:00:01.278369,1768744801.2783692,9.78772226638279,-104.28404078244621,4.658263087272644,-2509.734959229708,91.42561879944802,-12.993670215129853,5.1877481331825255,578518.2446833423,1082025.8660906146,2509.734959229708,13P,2026_01_18T13_53_58.MP4,10887,1058.5521122984885
2026_01_18T13_53_58_20260118T140003_939.jpg,2026-01-18T14:00:03.939275,1768744803.939276,9.787720989147529,-104.28403679108604,4.492172408103943,-2509.80242117548,91.46114986371994,-13.008635655879974,4.551513040781021,578518.682731852,1082025.7257962553,2509.80242117548,13P,2026_01_18T13_53_58.MP4,10967,1073.1009906265735
2026_01_18T13_53_58_20260118T140006_711.jpg,2026-01-18T14:00:06.711327,1768744806.7113273,9.787719638562889,-104.28403263300902,4.4,-2509.8734945101737,91.50166990971566,-13.024267963886262,3.884570117235184,578519.1390821001,1082025.5774304806,2509.8734945101737,13P,2026_01_18T13_53_58.MP4,11050,1062.271
2026_01_18T13_53_58_20260118T140009_477.jpg,2026-01-18T14:00:09.477853,1768744809.477853,9.787718285852002,-104.28402848322041,4.3,-2509.944424179554,91.54512350201607,-13.039867118358613,3.21635955953598,578519.5945238298,1082025.4288276802,2509.944424179554,13P,2026_01_18T13_53_58.MP4,11133,1067.231321533203
2026_01_18T13_53_58_20260118T140012_162.jpg,2026-01-18T14:00:12.162577,1768744812.1625774,9.787716968711305,-104.28402445613392,4.3,-2510.0132270121576,91.5907638156414,-13.054975464344025,2.5634936940670014,578520.036499972,1082025.2841293036,2510.0132270121576,13P,2026_01_18T13_53_58.MP4,11214,1070.3883467094897
2026_01_18T13_53_58_20260118T140014_924.jpg,2026-01-18T14:00:14.924038,1768744814.9240384,9.787715597980796,-104.28402031394239,4.1937024621662315,-2510.0850249986647,91.64055672979354,-13.07154423046112,1.8895346279144287,578520.4911127381,1082025.1335323085,2510.0850249986647,13P,2026_01_18T13_53_58.MP4,11296,1069.4974308242797
2026_01_18T13_53_58_20260118T140017_615.jpg,2026-01-18T14:00:17.615886,1768744817.6158862,9.787714262056895,-104.28401627617068,4.024611377716065,-2510.1556289277078,91.6923177242279,-13.086695317268372,1.228491991996765,578520.9342651934,1082024.9867595667,2510.1556289277078,13P,2026_01_18T13_53_58.MP4,11377,1069.698
2026_01_18T13_53_58_20260118T140020_282.jpg,2026-01-18T14:00:20.282553,1768744820.2825534,9.787712928723284,-104.28401217616985,3.942055344581604,-2510.2253463892935,91.7158723282814,-13.110651068687439,0.6663931832313538,578521.38424196,1082024.8402877387,2510.2253463892935,13P,2026_01_18T13_53_58.MP4,11457,1068.529
2026_01_18T13_53_58_20260118T140022_786.jpg,2026-01-18T14:00:22.786275,1768744822.7862751,9.787711668999675,-104.28400834195976,3.8075724840164185,-2510.273931375742,91.11337420392036,-12.979272452592848,0.9170942249298095,578521.8050510983,1082024.7018930675,2510.273931375742,13P,2026_01_18T13_53_58.MP4,11532,1066.9612494573591
2026_01_18T13_53_58_20260118T140025_173.jpg,2026-01-18T14:00:25.173478,1768744825.1734786,9.78771042805634,-104.28400430508638,3.8,-2510.2044486846926,89.91183470726014,-12.671326972961426,0.6309882016181946,578522.2480827288,1082024.565622163,2510.2044486846926,13P,2026_01_18T13_53_58.MP4,11604,1069.5573134260178
2026_01_18T13_53_58_20260118T140027_733.jpg,2026-01-18T14:00:27.733710,1768744827.7337103,9.78770908847065,-104.28399995269251,3.8,-2510.1215212707516,89.54130317687988,-12.769983036994933,0.7574644594192506,578522.7257419351,1082024.4185178643,2510.1215212707516,13P,2026_01_18T13_53_58.MP4,11680,1066.512
2026_01_18T13_53_58_20260118T140030_201.jpg,2026-01-18T14:00:30.201313,1768744830.201313,9.787707793304099,-104.28399575776787,3.9,-2510.043571113586,89.67597373962403,-12.452297584533692,0.5630765762329101,578523.1861204297,1082024.2762883187,2510.043571113586,13P,2026_01_18T13_53_58.MP4,11754,1063.9299479751587
2026_01_18T13_53_58_20260118T140032_629.jpg,2026-01-18T14:00:32.629332,1768744832.6293328,9.787706480160299,-104.28399140426772,3.9,-2510.026517331123,89.60230935764312,-12.349965337753297,0.7068825860023499,578523.6638947622,1082024.1321079773,2510.026517331123,13P,2026_01_18T13_53_58.MP4,11827,1067.509610700369
2026_01_18T13_53_58_20260118T140034_594.jpg,2026-01-18T14:00:34.594472,1768744834.5944724,9.787705403040176,-104.28398772994966,4.173147249221802,-2510.041350251675,89.49314271068573,-12.379428644657136,0.9092075409889221,578524.0671250242,1082024.0138666013,2510.041350251675,13P,2026_01_18T13_53_58.MP4,11886,1062.337
2026_01_18T13_53_58_20260118T140036_882.jpg,2026-01-18T14:00:36.882921,1768744836.882922,9.787704135563716,-104.28398342244832,4.201992201805115,-2510.0665950632097,89.34825884008407,-12.49109239411354,0.9884779851436615,578524.539843762,1082023.8747250051,2510.0665950632097,13P,2026_01_18T13_53_58.MP4,11955,1071.6122401356697
2026_01_18T13_53_58_20260118T140039_093.jpg,2026-01-18T14:00:39.093422,1768744839.093423,9.787702907683183,-104.28397921315423,4.276957702636719,-2510.095307920456,89.23847758197785,-12.64828698539734,0.9481696615219116,578525.001782417,1082023.7399386656,2510.095307920456,13P,2026_01_18T13_53_58.MP4,12021,1067.901074057579
2026_01_18T13_53_58_20260118T140041_144.jpg,2026-01-18T14:00:41.144579,1768744841.1445792,9.787701759035665,-104.28397521084165,4.071842074394226,-2510.1227349500655,89.20974700427055,-12.807988017082215,0.853048145532608,578525.4410019728,1082023.6138649224,2510.1227349500655,13P,2026_01_18T13_53_58.MP4,12082,1073.5625776751042
2026_01_18T13_53_58_20260118T140043_301.jpg,2026-01-18T14:00:43.301493,1768744843.3014934,9.787700538148759,-104.28397099701318,4.043849349021912,-2510.147014934063,89.30002395272255,-12.962994084596634,0.7356238362789154,578525.9034362955,1082023.4798529379,2510.147014934063,13P,2026_01_18T13_53_58.MP4,12147,1073.2417591161727
2026_01_18T13_53_58_20260118T140045_444.jpg,2026-01-18T14:00:45.444876,1768744845.444877,9.787699316420161,-104.28396671024618,4.1,-2510.1632243845465,89.55529444384574,-13.07446044564247,0.6460985696315765,578526.3738702858,1082023.3457648891,2510.1632243845465,13P,2026_01_18T13_53_58.MP4,12211,1079.153
2026_01_18T13_53_58_20260118T140047_587.jpg,2026-01-18T14:00:47.587179,1768744847.5871792,9.787698079436073,-104.28396232564164,4.1,-2510.1668256416324,90.02195120048523,-13.115,0.6264589710235595,578526.8550380961,1082023.210012839,2510.1668256416324,13P,2026_01_18T13_53_58.MP4,12275,1064.2355752811432
2026_01_18T13_53_58_20260118T140049_539.jpg,2026-01-18T14:00:49.539708,1768744849.5397084,9.787696936969143,-104.28395826661242,4.064658308029175,-2510.1566823329927,90.66994655823707,-13.067713123083115,0.6997633774280548,578527.3004765537,1082023.0846357222,2510.1566823329927,13P,2026_01_18T13_53_58.MP4,12334,1063.938
2026_01_18T13_53_58_20260118T140051_518.jpg,2026-01-18T14:00:51.518526,1768744851.5185266,9.787695768884067,-104.28395411109423,4.0,-2510.142407367229,91.5664114894867,-12.963443986415863,0.7574814734458923,578527.7565033641,1082022.9564484882,2510.142407367229,13P,2026_01_18T13_53_58.MP4,12393,1067.1240439958572
2026_01_18T13_53_58_20260118T140053_333.jpg,2026-01-18T14:00:53.333917,1768744853.3339176,9.78769468964943,-104.283950198773,4.2,-2510.1363321647646,92.55000087738037,-12.855964942932129,0.7089684486389161,578528.1858369175,1082022.8380288112,2510.1363321647646,13P,2026_01_18T13_53_58.MP4,12448,1069.6216406764984
2026_01_18T13_53_58_20260118T140055_295.jpg,2026-01-18T14:00:55.295675,1768744855.295676,9.787693512594403,-104.28394594951281,4.256832408905029,-2510.135591351986,93.68678775191307,-12.74144214439392,0.5723891606330871,578528.6521469061,1082022.7088716212,2510.135591351986,13P,2026_01_18T13_53_58.MP4,12506,1069.0922639405726
2026_01_18T13_53_58_20260118T140057_220.jpg,2026-01-18T14:00:57.220440,1768744857.22044,9.787692345531655,-104.2839418150322,4.1,-2510.1396613197326,94.77605359268189,-12.642080204010009,0.3851924896240234,578529.1058662154,1082022.5807925395,2510.1396613197326,13P,2026_01_18T13_53_58.MP4,12564,1072.1203246917723
2026_01_18T13_53_58_20260118T140059_118.jpg,2026-01-18T14:00:59.118054,1768744859.1180546,9.787691187986677,-104.28393754027982,4.2,-2510.146590273142,95.72617321705819,-12.567930579662322,0.17813204550743103,578529.574967457,1082022.4537985339,2510.146590273142,13P,2026_01_18T13_53_58.MP4,12621,1067.169032106638
2026_01_18T13_53_58_20260118T140101_105.jpg,2026-01-18T14:01:01.105823,1768744861.1058235,9.787689965447655,-104.28393316718825,4.224158187046892,-2510.1565291175843,96.47972576141358,-12.530894176483155,-0.029735763549804686,578530.0548692286,1082022.3196410362,2510.1565291175843,13P,2026_01_18T13_53_58.MP4,12680,1069.6154113578796
2026_01_18T13_53_58_20260118T140103_005.jpg,2026-01-18T14:01:03.005378,1768744863.0053782,9.787688796611704,-104.28392888763004,4.285962176322937,-2510.166026891232,96.8742258863449,-12.545166725635529,-0.19031193828582763,578530.5245002091,1082022.1913997147,2510.166026891232,13P,2026_01_18T13_53_58.MP4,12737,1074.265
2026_01_18T13_53_58_20260118T140104_901.jpg,2026-01-18T14:01:04.901238,1768744864.9012382,9.787687611232313,-104.28392461727596,4.2,-2510.1746049528124,96.83578979992866,-12.621061910152434,-0.2795433371067047,578530.9931256244,1082022.0613270404,2510.1746049528124,13P,2026_01_18T13_53_58.MP4,12794,1069.1721029145717
2026_01_18T13_53_58_20260118T140106_816.jpg,2026-01-18T14:01:06.816623,1768744866.8166232,9.78768641369361,-104.28392022176662,4.2,-2510.1822664928436,96.27125045490264,-12.77194595861435,-0.26858441972732544,578531.4754801786,1082021.929939078,2510.1822664928436,13P,2026_01_18T13_53_58.MP4,12852,1063.8387787141799
2026_01_18T13_53_58_20260118T140108_663.jpg,2026-01-18T14:01:08.663377,1768744868.663377,9.787685242072461,-104.28391597423278,4.220162296295166,-2510.1856633770467,95.12882357573508,-12.999199540615082,-0.13467216420173644,578531.9415995802,1082021.8013823512,2510.1856633770467,13P,2026_01_18T13_53_58.MP4,12907,1062.216754360199
2026_01_18T13_53_58_20260118T140110_505.jpg,2026-01-18T14:01:10.505449,1768744870.5054498,9.787684076512146,-104.28391173746553,4.3,-2510.185494550228,93.32109651803971,-13.316079054832459,0.1470790548324585,578532.4065367496,1082021.673493269,2510.185494550228,13P,2026_01_18T13_53_58.MP4,12962,1062.274
2026_01_18T13_53_58_20260118T140112_175.jpg,2026-01-18T14:01:12.175120,1768744872.1751206,9.787683007922821,-104.28390789722263,4.068987941741943,-2510.1801243970394,91.06769230294228,-13.681176289081574,0.5412318363189698,578532.8279627134,1082021.5562339034,2510.1801243970394,13P,2026_01_18T13_53_58.MP4,13012,1063.4781453094483
2026_01_18T13_53_58_20260118T140113_995.jpg,2026-01-18T14:01:13.995338,1768744873.995339,9.787681842983092,-104.2839036111866,3.973932218551636,-2510.171023305416,88.87441870689392,-13.855027966499328,0.813743640422821,578533.2983032465,1082021.428424932,2510.171023305416,13P,2026_01_18T13_53_58.MP4,13067,1066.3274984230995
2026_01_18T13_53_58_20260118T140115_643.jpg,2026-01-18T14:01:15.643483,1768744875.643484,9.787680798170166,-104.28389981998653,3.7222293544024554,-2510.162782579422,89.6288311805725,-12.917438905715942,0.5312518577575683,578533.7143449057,1082021.3137831113,2510.162782579422,13P,2026_01_18T13_53_58.MP4,13116,1068.1217987384796
2026_01_18T13_53_58_20260118T140117_438.jpg,2026-01-18T14:01:17.438258,1768744877.438259,9.787679649514313,-104.28389564817867,3.814451789855957,-2510.153370446682,90.847572742939,-11.645846272468566,1.3746121499538422,578534.1721537558,1082021.1877480447,2510.153370446682,13P,2026_01_18T13_53_58.MP4,13170,1073.1489081625937
2026_01_18T13_53_58_20260118T140119_169.jpg,2026-01-18T14:01:19.169948,1768744879.1699486,9.787678527833938,-104.28389159212341,3.8,-2510.1273326225282,92.2060945701599,-11.47028722000122,1.160919979095459,578534.6172612205,1082021.0646686964,2510.1273326225282,13P,2026_01_18T13_53_58.MP4,13222,1073.7497255630492
2026_01_18T13_53_58_20260118T140120_954.jpg,2026-01-18T14:01:20.954370,1768744880.9543707,9.78767735965902,-104.28388730951022,3.9,-2510.037281463146,93.21891928052902,-12.134809299230575,0.3105216369628906,578535.0872271284,1082020.936501233,2510.037281463146,13P,2026_01_18T13_53_58.MP4,13275,1066.2757743344307
2026_01_18T13_53_58_20260118T140122_821.jpg,2026-01-18T14:01:22.821073,1768744882.8210735,9.78767612809147,-104.28388292942353,3.9,-2509.9513359851835,92.910952293396,-12.094335985183715,0.9359661922454834,578535.5678982505,1082020.8013471474,2509.9513359851835,13P,2026_01_18T13_53_58.MP4,13331,1065.9031709842682
2026_01_18T13_53_58_20260118T140124_559.jpg,2026-01-18T14:01:24.559721,1768744884.5597212,9.787674980583986,-104.28387875666905,4.069233655658407,-2509.900686132908,92.41332251548766,-12.1467402074337,1.3781526093482972,578536.0258106664,1082020.6754392989,2509.900686132908,13P,2026_01_18T13_53_58.MP4,13383,1069.1552098779678
2026_01_18T13_53_58_20260118T140126_344.jpg,2026-01-18T14:01:26.344717,1768744886.3447175,9.787673792486448,-104.283874472678,4.147671747207641,-2509.875242259979,91.87113757419586,-12.34301819038391,1.533034152507782,578536.4959323825,1082020.5450693236,2509.875242259979,13P,2026_01_18T13_53_58.MP4,13437,1070.0768070192337
2026_01_18T13_53_58_20260118T140128_082.jpg,2026-01-18T14:01:28.082593,1768744888.082594,9.787672634662076,-104.2838703017746,4.3,-2509.8680825939177,91.33247847938539,-12.62744506263733,1.4684102325439454,578536.9536442137,1082020.4180203134,2509.8680825939177,13P,2026_01_18T13_53_58.MP4,13489,1071.226
2026_01_18T13_53_58_20260118T140129_766.jpg,2026-01-18T14:01:29.766108,1768744889.766108,9.787671506707616,-104.28386626134072,4.120557828061369,-2509.871298324108,90.81840148115158,-12.946092742919921,1.2703415231704713,578537.3970399131,1082020.2942436286,2509.871298324108,13P,2026_01_18T13_53_58.MP4,13539,1073.232436946392
2026_01_18T13_53_58_20260118T140131_531.jpg,2026-01-18T14:01:31.531094,1768744891.5310946,9.787670318855705,-104.28386197226362,4.1,-2509.8775932836534,90.30835571479797,-13.275003735542297,1.0093358173370361,578537.8677193887,1082020.1639020147,2509.8775932836534,13P,2026_01_18T13_53_58.MP4,13592,1073.5052436294557
2026_01_18T13_53_58_20260118T140133_341.jpg,2026-01-18T14:01:33.341357,1768744893.3413572,9.787669101290655,-104.28385758074265,4.1,-2509.8789759283068,89.8374156217575,-13.555669653892517,0.7668161334991456,578538.3496412862,1082020.0302988894,2509.8789759283068,13P,2026_01_18T13_53_58.MP4,13647,1068.2881539258958
2026_01_18T13_53_58_20260118T140135_119.jpg,2026-01-18T14:01:35.119486,1768744895.1194863,9.787667899944157,-104.28385331323281,4.0,-2509.867566164017,89.4444170832634,-13.730974316596985,0.6298933553695679,578538.8179585737,1082019.8984601598,2509.867566164017,13P,2026_01_18T13_53_58.MP4,13700,1068.598
2026_01_18T13_53_58_20260118T140136_946.jpg,2026-01-18T14:01:36.946615,1768744896.946616,9.787666666301165,-104.28384892812176,4.007761597633362,-2509.84185414505,89.122754986763,-13.792985702753068,0.6155195434093476,578539.2991812557,1082019.7630778097,2509.84185414505,13P,2026_01_18T13_53_58.MP4,13755,1073.1796211223602
2026_01_18T13_53_58_20260118T140138_688.jpg,2026-01-18T14:01:38.688011,1768744898.6880112,9.787665492152405,-104.28384464877318,4.1,-2509.8092397766113,88.89487871551513,-13.759919609069826,0.6959686813354492,578539.7687905625,1082019.634249113,2509.8092397766113,13P,2026_01_18T13_53_58.MP4,13807,1067.5631917037963
2026_01_18T13_53_58_20260118T140140_443.jpg,2026-01-18T14:01:40.443338,1768744900.4433389,9.787664302962957,-104.2838404359867,4.057376518936057,-2509.771689883709,88.73685295677184,-13.663079601287842,0.8347871761322022,578540.2311032768,1082019.503741856,2509.771689883709,13P,2026_01_18T13_53_58.MP4,13859,1067.148343837261
2026_01_18T13_53_58_20260118T140142_013.jpg,2026-01-18T14:01:42.013549,1768744902.013549,9.78766324092211,-104.28383666748218,4.3143549203872675,-2509.737729018211,88.65470192003251,-13.537739934682845,0.9863549089431762,578540.64465992,1082019.387189924,2509.737729018211,13P,2026_01_18T13_53_58.MP4,13906,1055.879
2026_01_18T13_53_58_20260118T140143_751.jpg,2026-01-18T14:01:43.751029,1768744903.751029,9.78766206930027,-104.28383249753035,4.488102912902832,-2509.7044814777373,88.63375102901459,-13.372399156570435,1.157849814414978,578541.1022706626,1082019.2586151515,2509.7044814777373,13P,2026_01_18T13_53_58.MP4,13959,1061.2330858449936
2026_01_18T13_53_58_20260118T140145_520.jpg,2026-01-18T14:01:45.520467,1768744905.5204673,9.78766087608225,-104.28382825087851,4.4,-2509.679274859905,88.6809414949417,-13.199035140991212,1.308514578819275,578541.5682984808,1082019.1276703626,2509.679274859905,13P,2026_01_18T13_53_58.MP4,14012,1065.8915940756797
2026_01_18T13_53_58_20260118T140147_299.jpg,2026-01-18T14:01:47.299228,1768744907.299229,9.787659679516633,-104.28382398185062,4.5,-2509.6664015421866,88.7966313726902,-13.040360916376114,1.4066776382923125,578542.0367811632,1082018.9963606496,2509.6664015421866,13P,2026_01_18T13_53_58.MP4,14065,1069.6735332982541
2026_01_18T13_53_58_20260118T140149_121.jpg,2026-01-18T14:01:49.121370,1768744909.1213703,9.78765845868189,-104.28381960871124,4.474862957000733,-2509.670335073471,88.98502088165283,-12.91553833580017,1.4213879280090331,578542.5166878763,1082018.8623917615,2509.670335073471,13P,2026_01_18T13_53_58.MP4,14120,1069.9477449188232
2026_01_18T13_53_58_20260118T140150_906.jpg,2026-01-18T14:01:50.906183,1768744910.906184,9.787657262856747,-104.2838153251585,4.39638159275055,-2509.6963113112447,89.23873996162415,-12.855157768964768,1.31731765127182,578542.9867633944,1082018.7311673197,2509.6963113112447,13P,2026_01_18T13_53_58.MP4,14173,1078.966
2026_01_18T13_53_58_20260118T140152_566.jpg,2026-01-18T14:01:52.566982,1768744912.5669825,9.787656155791545,-104.28381139594023,4.160603475570678,-2509.7454113702775,89.53386064147949,-12.874710422754287,1.0846440961360932,578543.417956761,1082018.6096745166,2509.7454113702775,13P,2026_01_18T13_53_58.MP4,14223,1068.8673443849086
2026_01_18T13_53_58_20260118T140154_275.jpg,2026-01-18T14:01:54.275091,1768744914.2750914,9.78765501843967,-104.28380733978061,4.018981695175171,-2509.8221300275322,89.88226736783982,-12.980657861232759,0.7042271475791931,578543.8630794216,1082018.4848624966,2509.8221300275322,13P,2026_01_18T13_53_58.MP4,14274,1065.2825908546447
2026_01_18T13_53_58_20260118T140155_971.jpg,2026-01-18T14:01:55.971687,1768744915.971687,9.787653898686528,-104.283803267951,3.9,-2509.9144711022377,90.08801809549333,-13.097414476394654,0.4462367208003998,578544.3099165407,1082018.3620000314,2509.9144711022377,13P,2026_01_18T13_53_58.MP4,14325,1069.169418156862
2026_01_18T13_53_58_20260118T140157_800.jpg,2026-01-18T14:01:57.800716,1768744917.8007162,9.787652691527333,-104.28379897828121,3.8070213664454844,-2510.0142386727334,90.55403704953194,-13.190811458587648,0.7015238959789276,578544.780665612,1082018.2295238276,2510.0142386727334,13P,2026_01_18T13_53_58.MP4,14380,1066.308
2026_01_18T13_53_58_20260118T140159_647.jpg,2026-01-18T14:01:59.647866,1768744919.6478662,9.787651478886938,-104.28379460990763,3.8,-2510.0138185663222,90.59577738761902,-13.150141751289368,1.1945962133407593,578545.2600477409,1082018.0964599142,2510.0138185663222,13P,2026_01_18T13_53_58.MP4,14435,1067.0509868526458
2026_01_18T13_53_58_20260118T140201_515.jpg,2026-01-18T14:02:01.515792,1768744921.5157926,9.787650274734805,-104.28379021367701,3.8,-2509.866768176556,90.74001162028313,-13.065283671379088,1.0079770572185516,578545.742483072,1082017.9643410498,2509.866768176556,13P,2026_01_18T13_53_58.MP4,14491,1064.1407288622856
2026_01_18T13_53_58_20260118T140203_384.jpg,2026-01-18T14:02:03.384164,1768744923.3841648,9.78764907413452,-104.28378581642093,3.8,-2509.7196509799955,91.43656614685058,-12.690900222778321,0.26956311798095706,578546.225030039,1082017.8326151597,2509.7196509799955,13P,2026_01_18T13_53_58.MP4,14547,1063.4082940998078
2026_01_18T13_53_58_20260118T140205_258.jpg,2026-01-18T14:02:05.258459,1768744925.2584596,9.787647864585876,-104.28378147969703,3.838745951652527,-2509.5746832089426,91.88324267101288,-12.56402159166336,0.6864795389175415,578546.7009403053,1082017.699885744,2509.5746832089426,13P,2026_01_18T13_53_58.MP4,14603,1063.642058450222
2026_01_18T13_53_58_20260118T140206_874.jpg,2026-01-18T14:02:06.874047,1768744926.8740475,9.787646830609589,-104.28377768969071,4.100304746627807,-2509.4795495290755,92.20381712341307,-12.529141192197798,1.0068399829864503,578547.1168485885,1082017.5864420007,2509.4795495290755,13P,2026_01_18T13_53_58.MP4,14652,1068.0339148204325
2026_01_18T13_53_58_20260118T140208_512.jpg,2026-01-18T14:02:08.512487,1768744928.5124872,9.78764579713308,-104.28377382127951,4.328297424316407,-2509.420162846327,92.4854854605198,-12.518,1.165699281692505,578547.5413557392,1082017.473071797,2509.420162846327,13P,2026_01_18T13_53_58.MP4,14701,1070.386
2026_01_18T13_53_58_20260118T140210_185.jpg,2026-01-18T14:02:10.185673,1768744930.1856737,9.787644744882298,-104.28376997295045,4.562934732437133,-2509.3897002840044,92.72372382450104,-12.528413758277892,1.1999868097305297,578547.963664814,1082017.3576210395,2509.3897002840044,13P,2026_01_18T13_53_58.MP4,14751,1070.2416797733308
2026_01_18T13_53_58_20260118T140211_934.jpg,2026-01-18T14:02:11.934900,1768744931.934901,9.78764366036138,-104.2837659497277,4.7,-2509.3849349009993,92.90501089191437,-12.557698019981384,1.124710643053055,578548.4051627732,1082017.2386429315,2509.3849349009993,13P,2026_01_18T13_53_58.MP4,14803,1069.214
2026_01_18T13_53_58_20260118T140213_793.jpg,2026-01-18T14:02:13.793895,1768744933.793895,9.787642533662996,-104.28376167404149,4.79228949546814,-2509.4041145300866,93.00458022022248,-12.604435165166855,0.9621982893943786,578548.8743593375,1082017.1150600966,2509.4041145300866,13P,2026_01_18T13_53_58.MP4,14859,1068.7040143518448
2026_01_18T13_53_58_20260118T140215_614.jpg,2026-01-18T14:02:15.614374,1768744935.6143749,9.787641447518823,-104.28375748693779,4.825662517547608,-2509.4379018723967,93.00079750347138,-12.660659996032715,0.7664187636375427,578549.3338311695,1082016.995940712,2509.4379018723967,13P,2026_01_18T13_53_58.MP4,14914,1065.419
2026_01_18T13_53_58_20260118T140217_423.jpg,2026-01-18T14:02:17.423488,1768744937.4234889,9.787640398611352,-104.28375336832451,4.644806309303946,-2509.4787402436737,92.88322762560844,-12.720398621082305,0.5781920475959778,578549.7857826359,1082016.8809226442,2509.4787402436737,13P,2026_01_18T13_53_58.MP4,14968,1071.8352460434437
2026_01_18T13_53_58_20260118T140219_248.jpg,2026-01-18T14:02:19.248954,1768744939.248954,9.787639363075268,-104.28374925230106,4.462304592132568,-2509.5192280352117,92.6374414074421,-12.780717575788497,0.43555229711532595,578550.2374469255,1082016.7673824558,2509.5192280352117,13P,2026_01_18T13_53_58.MP4,15022,1076.5079047372342
2026_01_18T13_53_58_20260118T140221_077.jpg,2026-01-18T14:02:21.077460,1768744941.0774603,9.787638358946047,-104.28374512958737,4.27945396900177,-2509.5529295234683,92.2507758808136,-12.83401396751404,0.38170412635803225,578550.6898375858,1082016.6573164999,2509.5529295234683,13P,2026_01_18T13_53_58.MP4,15077,1062.1454812850952
2026_01_18T13_53_58_20260118T140222_963.jpg,2026-01-18T14:02:22.963364,1768744942.9633648,9.787637369050284,-104.28374098059736,4.1,-2509.5707435538766,91.68683315682411,-12.877267296791077,0.4684721739292145,578551.1451067346,1082016.5488304715,2509.5707435538766,13P,2026_01_18T13_53_58.MP4,15134,1061.651
2026_01_18T13_53_58_20260118T140224_907.jpg,2026-01-18T14:02:24.907411,1768744944.9074116,9.787636376294213,-104.28373670369454,3.9964588403701784,-2509.564648118973,90.91897972679138,-12.92212975883484,0.7264820899963379,578551.6144052733,1082016.4400579983,2509.564648118973,13P,2026_01_18T13_53_58.MP4,15192,1063.0822771072387
2026_01_18T13_53_58_20260118T140226_827.jpg,2026-01-18T14:02:26.827066,1768744946.827067,9.787635416466552,-104.28373248045283,3.995506691932678,-2509.55103759861,90.6096541337967,-13.113879622936249,0.6736241164207458,578552.0778108474,1082016.334913928,2509.55103759861,13P,2026_01_18T13_53_58.MP4,15250,1065.94
2026_01_18T13_53_58_20260118T140228_879.jpg,2026-01-18T14:02:28.879726,1768744948.8797262,9.787634380136915,-104.28372806460241,4.0,-2509.5368419167994,91.11740579247476,-13.023350394964218,0.71882137966156,578552.5623585747,1082016.2213559102,2509.5368419167994,13P,2026_01_18T13_53_58.MP4,15311,1074.4331988399028
2026_01_18T13_53_58_20260118T140230_901.jpg,2026-01-18T14:02:30.901350,1768744950.9013505,9.787633387351761,-104.2837236170289,4.00293505191803,-2509.524591897011,91.55376334714889,-12.78514739370346,0.8754039883613587,578553.050375277,1082016.1126200205,2509.524591897011,13P,2026_01_18T13_53_58.MP4,15372,1066.8123487854002
2026_01_18T13_53_58_20260118T140232_893.jpg,2026-01-18T14:02:32.893533,1768744952.8935332,9.787632450039382,-104.28371932358021,4.004106664657593,-2509.513532333851,91.84837225341796,-12.587007876396179,1.0223343925476074,578553.5214754505,1082016.0099818544,2509.513532333851,13P,2026_01_18T13_53_58.MP4,15431,1067.3009828615188
2026_01_18T13_53_58_20260118T140234_722.jpg,2026-01-18T14:02:34.722544,1768744954.7225442,9.787631632080556,-104.28371538265719,4.2,-2509.5053872790336,92.00496537256241,-12.437086641311646,1.1481330051422118,578553.953884662,1082015.9204584837,2509.5053872790336,13P,2026_01_18T13_53_58.MP4,15486,1068.3357003803253
2026_01_18T13_53_58_20260118T140236_250.jpg,2026-01-18T14:02:36.250387,1768744956.2503877,9.787630964837179,-104.2837120741859,4.53773877620697,-2509.4999984493256,92.05800155067445,-12.333227127552034,1.246774423122406,578554.3168949151,1082015.8474523528,2509.4999984493256,13P,2026_01_18T13_53_58.MP4,15532,1068.635
2026_01_18T13_53_58_20260118T140237_987.jpg,2026-01-18T14:02:37.987365,1768744957.9873655,9.787630245180152,-104.28370832779594,4.811436557769775,-2509.4950252690314,92.03532849740982,-12.238644360303878,1.3532419290542603,578554.7279458017,1082015.7687529079,2509.4950252690314,13P,2026_01_18T13_53_58.MP4,15584,1062.2813031089306
2026_01_18T13_53_58_20260118T140240_017.jpg,2026-01-18T14:02:40.017626,1768744960.0176263,9.787629453302012,-104.28370406122217,4.814462637901306,-2509.4899647474285,91.89404348230362,-12.157488837718963,1.467934193134308,578555.1960643294,1082015.6821892094,2509.4899647474285,13P,2026_01_18T13_53_58.MP4,15645,1064.624
2026_01_18T13_53_58_20260118T140242_047.jpg,2026-01-18T14:02:42.047806,1768744962.0478065,9.787628702789661,-104.28369969960634,4.9,-2509.486952193499,91.63911192727089,-12.106235095977782,1.5732947120666503,578555.6745967823,1082015.6002214993,2509.486952193499,13P,2026_01_18T13_53_58.MP4,15706,1072.476500588417
2026_01_18T13_53_58_20260118T140244_190.jpg,2026-01-18T14:02:44.190274,1768744964.190275,9.787627957209265,-104.2836952004226,4.9,-2509.484809725046,91.2499006099701,-12.081238900184632,1.6733720979690552,578556.168215713,1082015.5188311902,2509.484809725046,13P,2026_01_18T13_53_58.MP4,15770,1071.448843585968
2026_01_18T13_53_58_20260118T140246_227.jpg,2026-01-18T14:02:46.227682,1768744966.2276826,9.787627301695222,-104.28369092186655,4.76453173160553,-2509.484,90.77366411352158,-12.082821460723876,1.7598796210289,578556.6376163461,1082015.447348125,2509.484,13P,2026_01_18T13_53_58.MP4,15831,1065.0742096486092
2026_01_18T13_53_58_20260118T140248_241.jpg,2026-01-18T14:02:48.241832,1768744968.2418325,9.7876267022869,-104.28368669215176,4.6,-2509.4842418324947,90.20554826164246,-12.106352984905243,1.8352223048210143,578557.1016471772,1082015.3820573082,2509.4842418324947,13P,2026_01_18T13_53_58.MP4,15891,1067.5935419819355
2026_01_18T13_53_58_20260118T140250_396.jpg,2026-01-18T14:02:50.396432,1768744970.3964322,9.787626120891959,-104.28368216749246,4.6,-2509.4853964321615,89.4948701505661,-12.153703668355941,1.9058929648399352,578557.5980215406,1082015.3188269956,2509.4853964321615,13P,2026_01_18T13_53_58.MP4,15956,1061.992
2026_01_18T13_53_58_20260118T140252_554.jpg,2026-01-18T14:02:52.554226,1768744972.5542266,9.787625592527872,-104.28367763612407,4.6,-2509.487554226637,88.68397202515602,-12.220397932291032,1.9664098925590514,578558.0951192505,1082015.261461892,2509.487554226637,13P,2026_01_18T13_53_58.MP4,16021,1072.6789282383918
2026_01_18T13_53_58_20260118T140254_715.jpg,2026-01-18T14:02:54.715379,1768744974.7153797,9.787625126924057,-104.28367309770259,4.6,-2509.490715379715,87.7790944442749,-12.304330568313599,2.0167383537292483,578558.5929757574,1082015.2110378628,2509.490715379715,13P,2026_01_18T13_53_58.MP4,16085,1073.251
2026_01_18T13_53_58_20260118T140256_879.jpg,2026-01-18T14:02:56.879393,1768744976.879393,9.787624721709243,-104.2836685532745,4.6,-2509.493758786202,86.78504706335067,-12.40321086883545,2.056949682712555,578559.091476844,1082015.1672924717,2509.493758786202,13P,2026_01_18T13_53_58.MP4,16150,1070.0165726895332
2026_01_18T13_53_58_20260118T140258_976.jpg,2026-01-18T14:02:58.976484,1768744978.9764843,9.787624383527355,-104.28366414938297,4.5,-2509.4979529685975,85.74392246055604,-12.509777183532714,2.086694295883179,578559.5745489626,1082015.1309261792,2509.4979529685975,13P,2026_01_18T13_53_58.MP4,16213,1068.3990830955504
2026_01_18T13_53_58_20260118T140300_968.jpg,2026-01-18T14:03:00.968796,1768744980.968796,9.787624123744479,-104.28366006552837,4.309479594230652,-2509.50093759203,84.68878774404526,-12.618283780813217,2.1057191641330717,578560.0225029099,1082015.1031538933,2509.50093759203,13P,2026_01_18T13_53_58.MP4,16273,1066.381953287363
2026_01_18T13_53_58_20260118T140303_062.jpg,2026-01-18T14:03:03.062277,1768744983.062277,9.787623904395064,-104.28365566921813,4.4,-2509.505124554157,83.51581701731682,-12.738612070560455,2.116124554157257,578560.5047156289,1082015.0799251911,2509.505124554157,13P,2026_01_18T13_53_58.MP4,16336,1068.4554756491186
2026_01_18T13_53_58_20260118T140305_162.jpg,2026-01-18T14:03:05.162326,1768744985.1623266,9.787623741883671,-104.2836512591142,4.3,-2509.5093246531487,82.27846776938438,-12.861739594459534,2.1176753468513487,578560.9884278058,1082015.0629843094,2509.5093246531487,13P,2026_01_18T13_53_58.MP4,16398,1056.4874471740723
2026_01_18T13_53_58_20260118T140307_227.jpg,2026-01-18T14:03:07.227326,1768744987.2273264,9.787623653180209,-104.28364692261458,4.164702662714142,-2509.5124546527863,81.00901169872284,-12.984412257194519,2.1106360416412353,578561.4640501529,1082015.054187242,2509.5124546527863,13P,2026_01_18T13_53_58.MP4,16460,1066.7805303173066
2026_01_18T13_53_58_20260118T140309_322.jpg,2026-01-18T14:03:09.322251,1768744989.322251,9.78762362,-104.28364252327273,4.055230125223443,-2509.5163222510814,79.67353679704667,-13.1063683116436,2.0947774891853332,578561.9465516119,1082015.051544055,2509.5163222510814,13P,2026_01_18T13_53_58.MP4,16523,1065.5671797299385
2026_01_18T13_53_58_20260118T140311_417.jpg,2026-01-18T14:03:11.417087,1768744991.4170876,9.787623652512627,-104.28363812411614,4.054208755493164,-2509.51883417511,78.29438551330566,-13.224522727966308,2.0691607742309572,578562.4290173166,1082015.0561645094,2509.51883417511,13P,2026_01_18T13_53_58.MP4,16586,1071.657
2026_01_18T13_53_58_20260118T140313_443.jpg,2026-01-18T14:03:13.443428,1768744993.4434285,9.78762374660571,-104.28363386880011,4.213685703277588,-2509.521,76.92569489479065,-13.331614854335784,2.0370182867050173,578562.8956929711,1082015.0675604092,2509.521,13P,2026_01_18T13_53_58.MP4,16647,1068.564195529461
2026_01_18T13_53_58_20260118T140315_419.jpg,2026-01-18T14:03:15.419744,1768744995.4197447,9.787623897777026,-104.28362971853606,4.2,-2509.52241974473,75.56243792319297,-13.428308257579804,1.996765615940094,578563.35083373,1082015.0852429834,2509.52241974473,13P,2026_01_18T13_53_58.MP4,16706,1065.979
2026_01_18T13_53_58_20260118T140317_492.jpg,2026-01-18T14:03:17.492687,1768744997.4926872,9.78762412404934,-104.28362536535683,4.1617687225341795,-2509.523,74.10617744445801,-13.517707489013672,1.9471901321411131,578563.8282113728,1082015.11127681,2509.523,13P,2026_01_18T13_53_58.MP4,16768,1066.3668170890808
2026_01_18T13_53_58_20260118T140319_366.jpg,2026-01-18T14:03:19.366128,1768744999.3661287,9.787624384919303,-104.28362133112977,4.398225736618042,-2509.522633871317,72.7728518629074,-13.587082246541977,1.8950161395072935,578564.2706001047,1082015.14106176,2509.522633871317,13P,2026_01_18T13_53_58.MP4,16824,1062.520347973585
2026_01_18T13_53_58_20260118T140321_353.jpg,2026-01-18T14:03:21.353094,1768745001.3530946,9.787624717087969,-104.28361712319193,4.5,-2509.5206469054224,71.34506571483611,-13.645827364444733,1.8319947843551636,578564.732023647,1082015.1787707328,2509.5206469054224,13P,2026_01_18T13_53_58.MP4,16884,1061.6692668709754
2026_01_18T13_53_58_20260118T140323_395.jpg,2026-01-18T14:03:23.395479,1768745003.3954794,9.787625137005477,-104.28361272994523,4.6,-2509.5182090411186,69.86727740550042,-13.688327671051026,1.7593672606945039,578565.2137501368,1082015.2262253303,2509.5182090411186,13P,2026_01_18T13_53_58.MP4,16945,1066.2022273349762
2026_01_18T13_53_58_20260118T140325_426.jpg,2026-01-18T14:03:25.426042,1768745005.426042,9.787625610770942,-104.28360836270743,4.644895792007446,-2509.51414791584,68.39326740789413,-13.710130210399628,1.679532274723053,578565.6926114684,1082015.2796278568,2509.51414791584,13P,2026_01_18T13_53_58.MP4,17006,1070.3712974185944
2026_01_18T13_53_58_20260118T140327_492.jpg,2026-01-18T14:03:27.492265,1768745007.4922657,9.787626167834397,-104.28360391701545,4.6,-2509.5085232028964,66.8941073665619,-13.709554140090942,1.5908480434417724,578566.1800576068,1082015.3422589656,2509.5085232028964,13P,2026_01_18T13_53_58.MP4,17068,1070.9219408378601
2026_01_18T13_53_58_20260118T140329_482.jpg,2026-01-18T14:03:29.482085,1768745009.482086,9.787626774267501,-104.28359953941093,4.5,-2509.501071656227,65.4554160349369,-13.684840367078781,1.4973777887821198,578566.6600247155,1082015.410333026,2509.501071656227,13P,2026_01_18T13_53_58.MP4,17127,1068.627
2026_01_18T13_53_58_20260118T140331_463.jpg,2026-01-18T14:03:31.463291,1768745011.463292,9.787627436785078,-104.28359518075786,4.458729195594787,-2509.4926835405827,64.0332095952034,-13.633711367845535,1.3974455301761626,578567.1379001585,1082015.4846039528,2509.4926835405827,13P,2026_01_18T13_53_58.MP4,17187,1066.5926696357728
2026_01_18T13_53_58_20260118T140333_422.jpg,2026-01-18T14:03:33.422843,1768745013.4228432,9.787628164908854,-104.28359086974491,4.454684329032898,-2509.4818857839105,62.64189553141594,-13.556126368761063,1.291320779800415,578567.6105352939,1082015.5661178785,2509.4818857839105,13P,2026_01_18T13_53_58.MP4,17245,1058.252
2026_01_18T13_53_58_20260118T140335_170.jpg,2026-01-18T14:03:35.170530,1768745015.1705308,9.787628871622934,-104.28358702483226,4.270546913146973,-2509.470806284428,61.41665162754059,-13.462086029052735,1.1917681522369383,578568.0320563511,1082015.6451558687,2509.470806284428,13P,2026_01_18T13_53_58.MP4,17298,1063.1185554070473
2026_01_18T13_53_58_20260118T140337_073.jpg,2026-01-18T14:03:37.073597,1768745017.0735974,9.787629694590793,-104.2835828307259,4.1,-2509.4574112205505,60.102953746795656,-13.33111220550537,1.0763633618354798,578568.4918475723,1082015.7371294922,2509.4574112205505,13P,2026_01_18T13_53_58.MP4,17355,1069.6984271349909
2026_01_18T13_53_58_20260118T140339_012.jpg,2026-01-18T14:03:39.012482,1768745019.0124826,9.787630606241322,-104.28357847128993,4.186351728439331,-2509.4408876562115,58.79271152496338,-13.165764218330382,0.9531636629104614,578568.9697503159,1082015.838947338,2509.4408876562115,13P,2026_01_18T13_53_58.MP4,17413,1067.6723412685394
2026_01_18T13_53_58_20260118T140340_892.jpg,2026-01-18T14:03:40.892623,1768745020.8926237,9.787631555238068,-104.28357414696556,4.101662373542785,-2509.423966387033,57.55233150076866,-12.97159664440155,0.8263015909194946,578569.4437934428,1082015.9448863878,2509.423966387033,13P,2026_01_18T13_53_58.MP4,17469,1063.902
2026_01_18T13_53_58_20260118T140342_690.jpg,2026-01-18T14:03:42.690094,1768745022.6900942,9.787632529551828,-104.28357011278327,4.03718113899231,-2509.4044089634417,56.39879016232491,-12.752977843999862,0.7003132152557373,578569.8860095668,1082016.0535571105,2509.4044089634417,13P,2026_01_18T13_53_58.MP4,17523,1067.4220141971111
2026_01_18T13_53_58_20260118T140344_547.jpg,2026-01-18T14:03:44.547146,1768745024.5471463,9.787633592816329,-104.28356584156346,4.0,-2509.383434244156,55.243146451950075,-12.494569490909576,0.5645111722946167,578570.3542016423,1082016.1721184144,2509.383434244156,13P,2026_01_18T13_53_58.MP4,17579,1074.5607989592552
2026_01_18T13_53_58_20260118T140346_215.jpg,2026-01-18T14:03:46.215639,1768745026.215639,9.787634595852643,-104.28356200403003,4.23386390209198,-2509.362196691513,54.24328239631653,-12.239497741699218,0.43861142730712893,578570.7748437271,1082016.283919163,2509.362196691513,13P,2026_01_18T13_53_58.MP4,17629,1066.933170988083
2026_01_18T13_53_58_20260118T140347_965.jpg,2026-01-18T14:03:47.965987,1768745027.965988,9.78763570823227,-104.283557881629,4.408898782730103,-2509.33944215703,53.23925083684921,-11.95654396891594,0.3046189301013946,578571.2267026958,1082016.4078764583,2509.33944215703,13P,2026_01_18T13_53_58.MP4,17681,1074.525
2026_01_18T13_53_58_20260118T140349_754.jpg,2026-01-18T14:03:49.754205,1768745029.7542057,9.787636912859877,-104.28355368990631,4.412279438972473,-2509.3154411201476,52.27477938842774,-11.659047647476196,0.16692616081237793,578571.686142764,1082016.5420498108,2509.3154411201476,13P,2026_01_18T13_53_58.MP4,17735,1067.3333838157653
2026_01_18T13_53_58_20260118T140351_602.jpg,2026-01-18T14:03:51.602499,1768745031.6024995,9.787638207774636,-104.28354935400124,4.4,-2509.291167506695,51.345787749767304,-11.353190084457397,0.025210039138793938,578572.1613746731,1082016.6862398647,2509.291167506695,13P,2026_01_18T13_53_58.MP4,17790,1071.535
2026_01_18T13_53_58_20260118T140353_362.jpg,2026-01-18T14:03:53.362908,1768745033.362908,9.787639502180914,-104.28354512902108,4.451409220695496,-2509.267645105362,50.53513506937027,-11.07311218547821,-0.1068551836013794,578572.6244411154,1082016.83034784,2509.267645105362,13P,2026_01_18T13_53_58.MP4,17843,1072.3081898169519
2026_01_18T13_53_58_20260118T140355_139.jpg,2026-01-18T14:03:55.139255,1768745035.1392553,9.787640870011675,-104.28354086578732,4.4,-2509.2453289365767,49.797082991600035,-10.808782770633696,-0.23688712525367736,578573.0916857228,1082016.9825833098,2509.2453289365767,13P,2026_01_18T13_53_58.MP4,17896,1076.6534113299847
2026_01_18T13_53_58_20260118T140356_883.jpg,2026-01-18T14:03:56.883858,1768745036.8838582,9.787642265925145,-104.28353667874032,4.299314188957214,-2509.2252775597576,49.16064962863922,-10.577750008106232,-0.3589862160682678,578573.5505680131,1082017.1379061372,2509.2252775597576,13P,2026_01_18T13_53_58.MP4,17949,1067.5030928874016
2026_01_18T13_53_58_20260118T140358_542.jpg,2026-01-18T14:03:58.542154,1768745038.5421543,9.787643640831165,-104.28353264461421,4.333030843734742,-2509.2085784568785,48.64594386672974,-10.392700260162353,-0.4676978759765625,578573.992683787,1082017.2908705152,2509.2085784568785,13P,2026_01_18T13_53_58.MP4,17998,1075.128
2026_01_18T13_53_58_20260118T140400_186.jpg,2026-01-18T14:04:00.186686,1768745040.1866865,9.787645054284134,-104.28352863328371,4.3,-2509.1935065078737,48.22248902606964,-10.245931943893433,-0.5686411314010621,578574.4322904086,1082017.448091733,2509.1935065078737,13P,2026_01_18T13_53_58.MP4,18048,1071.0001458501818
2026_01_18T13_53_58_20260118T140401_771.jpg,2026-01-18T14:04:01.771487,1768745041.7714877,9.787646464338943,-104.28352467128072,4.121281181984605,-2509.1815995860097,47.90790369939804,-10.149654126644135,-0.657431824207306,578574.8664878786,1082017.6049257198,2509.1815995860097,13P,2026_01_18T13_53_58.MP4,18095,1074.791
2026_01_18T13_53_58_20260118T140403_462.jpg,2026-01-18T14:04:03.462229,1768745043.462229,9.787648019872982,-104.28352054442746,4.041577100753784,-2509.172151083946,47.679314869642255,-10.10237770986557,-0.7417247636318207,578575.3187309416,1082017.7778838344,2509.172151083946,13P,2026_01_18T13_53_58.MP4,18146,1066.7332126824856
2026_01_18T13_53_58_20260118T140405_065.jpg,2026-01-18T14:04:05.065621,1768745045.0656216,9.787649543652966,-104.2835165293838,4.137524318695068,-2509.166868756771,47.5639500541687,-10.11255924296379,-0.8114279997348786,578575.7587188587,1082017.947304829,2509.166868756771,13P,2026_01_18T13_53_58.MP4,18194,1068.334
2026_01_18T13_53_58_20260118T140406_574.jpg,2026-01-18T14:04:06.574640,1768745046.5746408,9.787651018894342,-104.28351266339813,4.230335927009582,-2509.165,47.5645153002739,-10.18577700805664,-0.8649631447792053,578576.1823703854,1082018.1113241448,2509.165,13P,2026_01_18T13_53_58.MP4,18239,1070.9612575130463
2026_01_18T13_53_58_20260118T140408_237.jpg,2026-01-18T14:04:08.237596,1768745048.2375968,9.787652692348685,-104.28350848224845,4.2,-2509.166712790251,47.67851161003113,-10.334986803531645,-0.9112271285057069,578576.6405406288,1082018.2973334235,2509.166712790251,13P,2026_01_18T13_53_58.MP4,18289,1059.503
2026_01_18T13_53_58_20260118T140409_858.jpg,2026-01-18T14:04:09.858037,1768745049.8580377,9.787654362359218,-104.28350435490572,4.101996231079101,-2509.1732901885507,47.91586641073227,-10.560137807369234,-0.9417286033630371,578577.092810452,1082018.4829493782,2509.1732901885507,13P,2026_01_18T13_53_58.MP4,18337,1068.5450013899801
2026_01_18T13_53_58_20260118T140411_477.jpg,2026-01-18T14:04:11.477617,1768745051.4776175,9.787656085826903,-104.2835001581945,4.1,-2509.18529855752,48.288434343099595,-10.873075850486755,-0.9564328525066376,578577.5526756272,1082018.6744922888,2509.18529855752,13P,2026_01_18T13_53_58.MP4,18386,1069.3481870412827
2026_01_18T13_53_58_20260118T140413_087.jpg,2026-01-18T14:04:13.087418,1768745053.0874186,9.787657847034597,-104.28349597271176,4.120941853523254,-2509.203136441231,48.78704421424865,-11.270701055526732,-0.9551258144378661,578578.0113004537,1082018.8702055123,2509.203136441231,13P,2026_01_18T13_53_58.MP4,18434,1067.4631761598587
2026_01_18T13_53_58_20260118T140414_658.jpg,2026-01-18T14:04:14.658659,1768745054.6586597,9.787659610872055,-104.28349188748479,4.2,-2509.224879895449,49.417858308315274,-11.758992338657379,-0.9348027851581574,578578.4589292019,1082019.0661861394,2509.224879895449,13P,2026_01_18T13_53_58.MP4,18481,1068.4832430028916
2026_01_18T13_53_58_20260118T140416_196.jpg,2026-01-18T14:04:16.196058,1768745056.1960585,9.787661377427874,-104.28348787064202,4.068194150924683,-2509.2529211702345,50.16602823996544,-12.328560340881348,-0.8977261276245118,578578.8990573359,1082019.2624513973,2509.2529211702345,13P,2026_01_18T13_53_58.MP4,18527,1073.389
2026_01_18T13_53_58_20260118T140417_735.jpg,2026-01-18T14:04:17.735676,1768745057.7356763,9.787663185454784,-104.28348378724165,4.0,-2509.285920554638,51.05776253604889,-13.002146769046783,-0.8425729484558105,578579.3464753564,1082019.4633176525,2509.285920554638,13P,2026_01_18T13_53_58.MP4,18573,1067.8493575468062
2026_01_18T13_53_58_20260118T140419_293.jpg,2026-01-18T14:04:19.293972,1768745059.2939725,9.787665049827266,-104.28347963567153,4.0,-2509.3243493123055,52.498483940601346,-13.442386326789856,-0.3704751615524292,578579.8013565785,1082019.6704299569,2509.3243493123055,13P,2026_01_18T13_53_58.MP4,18620,1071.609
2026_01_18T13_53_58_20260118T140420_809.jpg,2026-01-18T14:04:20.809776,1768745060.8097763,9.787666861731568,-104.28347561360398,3.9069223642349242,-2509.36305418396,54.95380994415283,-12.47103347015381,0.7625012435913086,578580.2420470592,1082019.8717106464,2509.36305418396,13P,2026_01_18T13_53_58.MP4,18666,1074.2456316528321
2026_01_18T13_53_58_20260118T140422_228.jpg,2026-01-18T14:04:22.228762,1768745062.2287624,9.787668564514865,-104.28347188234156,3.7,-2509.398719059706,56.43801940536499,-11.201121824979783,0.6584683103561402,578580.6508694148,1082020.0608579884,2509.398719059706,13P,2026_01_18T13_53_58.MP4,18708,1066.4278757796287
2026_01_18T13_53_58_20260118T140423_733.jpg,2026-01-18T14:04:23.733134,1768745063.733135,9.78767043574413,-104.28346782053553,3.6145864963531493,-2509.4326626996994,55.880474160671234,-11.129969277620315,0.013261884689331038,578581.0959042213,1082020.2687075364,2509.4326626996994,13P,2026_01_18T13_53_58.MP4,18753,1068.811
2026_01_18T13_53_58_20260118T140425_192.jpg,2026-01-18T14:04:25.192584,1768745065.1925845,9.787672366137405,-104.28346376076337,3.6313584566116335,-2509.458466521263,54.94836684846878,-12.693420719623566,0.17136139583587648,578581.5407020513,1082020.4830983996,2509.458466521263,13P,2026_01_18T13_53_58.MP4,18797,1065.039648636818
2026_01_18T13_53_58_20260118T140426_632.jpg,2026-01-18T14:04:26.632584,1768745066.6325848,9.787674287663647,-104.28345979202102,3.775358486175537,-2509.483753941774,54.50306736707687,-13.901557574748994,0.3223067367076874,578581.975518353,1082020.6964876116,2509.483753941774,13P,2026_01_18T13_53_58.MP4,18840,1065.361
2026_01_18T13_53_58_20260118T140427_995.jpg,2026-01-18T14:04:27.995147,1768745067.9951477,9.787676103546447,-104.28345601358643,3.611614775657654,-2509.507912658691,54.62822848510742,-14.002407592773437,0.25232510375976563,578582.3894876647,1082020.898151423,2509.507912658691,13P,2026_01_18T13_53_58.MP4,18881,1063.3816512145997
2026_01_18T13_53_58_20260118T140429_451.jpg,2026-01-18T14:04:29.451537,1768745069.4515376,9.78767804054502,-104.2834520356947,3.6427462339401244,-2509.532676139355,55.087399778366084,-13.557373285770415,0.23971155977249145,578582.8253037728,1082021.1132535597,2509.532676139355,13P,2026_01_18T13_53_58.MP4,18925,1072.6291030545235
2026_01_18T13_53_58_20260118T140430_901.jpg,2026-01-18T14:04:30.901577,1768745070.9015777,9.787679969098354,-104.2834479755824,3.6,-2509.5582283987997,55.71595038628578,-13.31481067466736,0.2566536421775818,578583.2701393211,1082021.3274410819,2509.5582283987997,13P,2026_01_18T13_53_58.MP4,18968,1076.108
2026_01_18T13_53_58_20260118T140432_352.jpg,2026-01-18T14:04:32.352087,1768745072.352087,9.787682017005311,-104.28344391415635,3.6,-2509.4998185176846,56.51962428474426,-12.533580825805664,-0.03976938819885251,578583.7150908896,1082021.554825886,2509.4998185176846,13P,2026_01_18T13_53_58.MP4,19012,1075.79342984581
2026_01_18T13_53_58_20260118T140433_745.jpg,2026-01-18T14:04:33.745723,1768745073.7457235,9.78768402384182,-104.2834399374019,3.513427662849426,-2509.412765143871,56.76,-11.826776715517045,-0.42985439705848694,578584.1507658338,1082021.777649778,2509.412765143871,13P,2026_01_18T13_53_58.MP4,19053,1066.4982355554102
2026_01_18T13_53_58_20260118T140435_144.jpg,2026-01-18T14:04:35.144736,1768745075.144736,9.787686038419913,-104.28343599473905,3.426473593711853,-2509.3258816287516,56.63289472103119,-11.670355053663254,0.6971983668804169,578584.5826999865,1082022.0013217158,2509.3258816287516,13P,2026_01_18T13_53_58.MP4,19095,1064.4713190758227
2026_01_18T13_53_58_20260118T140436_546.jpg,2026-01-18T14:04:36.546851,1768745076.5468516,9.787688057466355,-104.28343201413026,3.5,-2509.238095198631,56.63906296730042,-12.024963282585144,-0.14785379695892334,578585.0187947723,1082022.225496574,2509.238095198631,13P,2026_01_18T13_53_58.MP4,19137,1072.5775162057876
2026_01_18T13_53_58_20260118T140437_976.jpg,2026-01-18T14:04:37.976477,1768745077.9764776,9.787690116127777,-104.28342796586266,3.519295501708984,-2509.149458387375,56.52258746147156,-12.158341373443605,0.33799033164978026,578585.4623006531,1082022.454067457,2509.149458387375,13P,2026_01_18T13_53_58.MP4,19180,1070.445
